<?xml version='1.0' encoding='UTF-8'?>
<metadata>
  <groupId>androidx.core</groupId>
  <artifactId>core-ktx</artifactId>
  <versioning>
    <latest>1.16.0</latest>
    <release>1.16.0</release>
    <versions>
      <version>0.1</version>
      <version>0.2</version>
      <version>0.3</version>
      <version>1.0.0-alpha1</version>
      <version>1.0.0-alpha3</version>
      <version>1.0.0-beta01</version>
      <version>1.0.0-rc01</version>
      <version>1.0.0-rc02</version>
      <version>1.0.0</version>
      <version>1.0.1</version>
      <version>1.0.2</version>
      <version>1.1.0-alpha02</version>
      <version>1.1.0-alpha03</version>
      <version>1.1.0-alpha04</version>
      <version>1.1.0-alpha05</version>
      <version>1.1.0-beta01</version>
      <version>1.1.0-rc01</version>
      <version>1.1.0-rc02</version>
      <version>1.1.0-rc03</version>
      <version>1.1.0</version>
      <version>1.2.0-alpha01</version>
      <version>1.2.0-alpha02</version>
      <version>1.2.0-alpha03</version>
      <version>1.2.0-alpha04</version>
      <version>1.2.0-beta01</version>
      <version>1.2.0-beta02</version>
      <version>1.2.0-rc01</version>
      <version>1.2.0</version>
      <version>1.3.0-alpha01</version>
      <version>1.3.0-alpha02</version>
      <version>1.3.0-beta01</version>
      <version>1.3.0-rc01</version>
      <version>1.3.0</version>
      <version>1.3.1</version>
      <version>1.3.2</version>
      <version>1.4.0-alpha01</version>
      <version>1.5.0-alpha01</version>
      <version>1.5.0-alpha02</version>
      <version>1.5.0-alpha03</version>
      <version>1.5.0-alpha04</version>
      <version>1.5.0-alpha05</version>
      <version>1.5.0-beta01</version>
      <version>1.5.0-beta02</version>
      <version>1.5.0-beta03</version>
      <version>1.5.0-rc01</version>
      <version>1.5.0-rc02</version>
      <version>1.5.0</version>
      <version>1.6.0-alpha01</version>
      <version>1.6.0-alpha02</version>
      <version>1.6.0-alpha03</version>
      <version>1.6.0-beta01</version>
      <version>1.6.0-beta02</version>
      <version>1.6.0-rc01</version>
      <version>1.6.0</version>
      <version>1.7.0-alpha01</version>
      <version>1.7.0-alpha02</version>
      <version>1.7.0-beta01</version>
      <version>1.7.0-beta02</version>
      <version>1.7.0-rc01</version>
      <version>1.7.0</version>
      <version>1.8.0-alpha01</version>
      <version>1.8.0-alpha02</version>
      <version>1.8.0-alpha03</version>
      <version>1.8.0-alpha04</version>
      <version>1.8.0-alpha05</version>
      <version>1.8.0-alpha06</version>
      <version>1.8.0-alpha07</version>
      <version>1.8.0-beta01</version>
      <version>1.8.0-rc01</version>
      <version>1.8.0-rc02</version>
      <version>1.8.0</version>
      <version>1.9.0-alpha01</version>
      <version>1.9.0-alpha02</version>
      <version>1.9.0-alpha03</version>
      <version>1.9.0-alpha04</version>
      <version>1.9.0-alpha05</version>
      <version>1.9.0-beta01</version>
      <version>1.9.0-rc01</version>
      <version>1.9.0</version>
      <version>1.10.0-alpha01</version>
      <version>1.10.0-alpha02</version>
      <version>1.10.0-beta01</version>
      <version>1.10.0-rc01</version>
      <version>1.10.0</version>
      <version>1.10.1</version>
      <version>1.11.0-alpha01</version>
      <version>1.11.0-alpha02</version>
      <version>1.11.0-alpha03</version>
      <version>1.11.0-alpha04</version>
      <version>1.11.0-beta01</version>
      <version>1.11.0-beta02</version>
      <version>1.12.0-alpha01</version>
      <version>1.12.0-alpha03</version>
      <version>1.12.0-alpha04</version>
      <version>1.12.0-alpha05</version>
      <version>1.12.0-beta01</version>
      <version>1.12.0-rc01</version>
      <version>1.12.0</version>
      <version>1.13.0-alpha01</version>
      <version>1.13.0-alpha02</version>
      <version>1.13.0-alpha03</version>
      <version>1.13.0-alpha04</version>
      <version>1.13.0-alpha05</version>
      <version>1.13.0-beta01</version>
      <version>1.13.0-rc01</version>
      <version>1.13.0</version>
      <version>1.13.1</version>
      <version>1.14.0-alpha01</version>
      <version>1.15.0-alpha01</version>
      <version>1.15.0-alpha02</version>
      <version>1.15.0-beta01</version>
      <version>1.15.0-rc01</version>
      <version>1.15.0</version>
      <version>1.16.0-alpha01</version>
      <version>1.16.0-alpha02</version>
      <version>1.16.0-beta01</version>
      <version>1.16.0-rc01</version>
      <version>1.16.0</version>
    </versions>
    <lastUpdated>20250409170101</lastUpdated>
  </versioning>
</metadata>
